﻿<?xml version="1.0" encoding="UTF-8" standalone="yes"?>
<addon id="PsychoTeam.repository" name="The Best repository" version="0.0.2" provider-name="Mafarricos">
	<extension point="xbmc.addon.repository" name="The Best Add-on Repository">
		<info compressed="false">http://raw.github.com/Mafarricos/PsychoTeam.repository/master/addons.xml</info>
		<checksum>http://raw.github.com/Mafarricos/PsychoTeam.repository/master/addons.xml.md5</checksum>
		<datadir zip="true">http://raw.github.com/Mafarricos/PsychoTeam.repository/master/repo/</datadir>
	</extension>
	<extension point="xbmc.addon.metadata">
		<summary>The Best Addon</summary>
		<description>Addon Description</description>
		<disclaimer></disclaimer>
		<platform>all</platform>
	</extension>
</addon>