﻿<?xml version="1.0" encoding="UTF-8" standalone="yes"?>
<addon id="PsychoTeam.repository" name="PsychoTeam repository" version="0.0.3" provider-name="PsychoTV">
	<extension point="xbmc.addon.repository" name="PsychoTeam Add-on Repository">
		<info compressed="false">http://raw.github.com/PsychoTV/PsychoTeam.repository/master/addons.xml</info>
		<checksum>http://raw.github.com/PsychoTV/PsychoTeam.repository/master/addons.xml.md5</checksum>
		<datadir zip="true">http://raw.github.com/PsychoTV/PsychoTeam.repository/master/repo/</datadir>
	</extension>
	<extension point="xbmc.addon.metadata">
		<summary>The Best Addon</summary>
		<description>Addon Description</description>
		<disclaimer></disclaimer>
		<platform>all</platform>
	</extension>
</addon>